<?xml version="1.0" encoding="UTF-8"?>
<project-private xmlns="http://www.netbeans.org/ns/project-private/1">
    <editor-bookmarks xmlns="http://www.netbeans.org/ns/editor-bookmarks/2" lastBookmarkId="0"/>
    <open-files xmlns="http://www.netbeans.org/ns/projectui-open-files/2">
        <group>
            <file>file:/home/integration1/Desktop/Gerardo/Prueba/src/java/com/prueba/conexiones/ItemsResource.java</file>
            <file>file:/home/integration1/Desktop/Gerardo/Prueba/src/java/com/prueba/controlador/main.java</file>
            <file>file:/home/integration1/Desktop/Gerardo/Prueba/web/index.html</file>
            <file>file:/home/integration1/Desktop/Gerardo/Prueba/src/java/com/prueba/controlador/ZonasWifiPereira.java</file>
            <file>file:/home/integration1/Desktop/Gerardo/Prueba/src/java/com/prueba/conexiones/ApplicationConfig.java</file>
            <file>file:/home/integration1/Desktop/Gerardo/Prueba/src/java/com/prueba/conexiones/ItemResource.java</file>
        </group>
    </open-files>
</project-private>
